﻿{
	"Mobile": {
		"MaxPlayers": "Max. Spieler:",
		"Password": "Passwort:",
		"PasswordEmpty": "Keins",
		"Name": "Name:",
		"NamePlayerEmpty": "Gib deinen Namen ein ...",
		"NameWorldEmpty": "Gib einen Weltnamen ein ...",
		"Unfavorite": "Entfer-\nen",
		"UnfavoriteFrontEnd": "Entfernen",
		"SearchingHosts": "Suche nach lokalen Spielen ...",
		"Online":"Online",
		"Local":"Lokal",
		"Host":"Host",
		"SelectServer":"Server auswählen",
		"Connect":"Add",
		"ServerIP":"Server-IP:",
		"EnterServerIP":"Gib die Server-IP-Adresse ein ...",
		"ServerPort":"Server-Port:",
		"EnterServerPort":"Gib den Server-Port ein ...",
		"MagnifierEnabled":"Lupe aktiviert",
		"MagnifierDisabled":"Lupe deaktiviert",
		"FrameRateCap30":"Spitzen-Framerate: 30",
		"FrameRateCap60":"Spitzen-Framerate: 60",
		"ScreenEffectsEnabled":"Bildschirmeffekte aktiviert",
		"ScreenEffectsDisabled":"Bildschirmeffekte deaktiviert",
		"EditInterface":"Benutzeroberfläche bearbeiten",
		"FrameRateDisplayed":"Framerate anzeigen",
		"FrameRateHidden":"Framerate verbergen",
		"SafeRegion":"Sichere Region",
		"Interface":"Interface",
		"Discard":"Verwerfen",
		"Default":"Standard",
		"UIScale":"UI Scale:",
		"Side":"Seite",
		"Top":"Oben",
		"Bottom":"Unten",
		"InterfaceSettingsDescription":"*Einige Einstellungen können je nach Größe deines Geräts deaktiviert sein.",
		"UsefulLinks":"Social",
		"Wiki":"Terraria-Wiki",
		"Forum":"Terraria-Forum",
		"Discord":"Terraria-Discord",
		"ContactSupport":"505 Kundendienst",
		"Youtube":"Re-Logic YouTube",
		"Twitter":"Terraria-Twitter",
		"PrivacyPolicy":"505 Datenschutz",
		"Facebook":"Terraria-Facebook",
		"TooltipFade": "Tooltipps verblassen: {0}s",
		"ItemTooltipFade": "Gegenstandstooltipps verblassen: {0}s",
		"Loot": "Beute",
		"Remove": "Löschen",
		"Unequip": "Ablegen",
		"Show": "Zeigen",
		"Hide": "Verbergen",
		"Deposit": "Ablegen",
		"Quit": "Exit",
		"Enable": "Aktivieren",
		"Disable": "Deaktivieren",
		"Teleport":"Teleportieren",
		"QuickStack": "Schnell-\nstapeln",
		"Materials": "Materialien",
		"Savings": "Erspartes",
		"Armour": "Rüstung",
		"NoRecipes": "Keine Rezepte verfügbar",
		"QuickSlots": "Schnell-Slots",
		"SelectItemReforge": "Wähle einen Gegenstand zum Neuschmieden",
		"WriteMessagePrompt":"Gib hier deine Nachricht ein ...",
		"QuitPrompt": "Möchtest du das Spiel wirklich verlassen?",
		"ServerFull":"Server ist voll",
		"SplitStackOpen": "Split",
		"SplitStackClose": "Cancel",
		"SplitStackAction": "Split",
		"Join": "Spielen",
		"AimAndUse": "Zielen und benutzen",
		"AimOnly": "Nur zielen",
		"SmartCursorOn": "Smart-Cursor ein",
		"SmartCursorOff": "Smart-Cursor aus",
		"CombatTargetingOn": "Zielsperre ein",
		"CombatTargetingOff": "Zielsperre aus",
		"CombatTargetingNoTargets": "Keine Ziele",
		"HousingQuery": "Query",
		"PvP": "Players",
		"CraftGuideEmpty": "Wähle einen Gegenstand, um mögliche Rezepte anzuzeigen",
		"HairStylist": "Stylistin",
		"Home": "Main Menu",
		"Sound": "Sound",
		"Gameplay": "Mehr Infos",
		"Equip": "Anlegen",
		"Sell": "Verkauf.",
		"Craft": "Herstellen",
		"ApplyChanges": "Anwenden",
		"MultiplayerLocalTitle": "Host",
		"MultiplayerOnlineTitle": "Add Server",
		"LeftStickAimingOn": "Left Stick Aim On",
		"LeftStickAimingOff": "Left Stick Aim Off",
		"ResetCursorModes": "Reset Aim and Smart Cursor Modes",
		"RemoveServerList": "Remove {0} from the server list?",
		"BugReport": "Bug report"
	},
	
	"UI":	{
		"WorldSizeTiny": "Winzig"
	}
}
