﻿{
	"Mobile": {
		"MaxPlayers": "Máx. Jug.:",
		"Password": "Contraseña:",
		"PasswordEmpty": "Nada",
		"Name": "Nombre:",
		"NamePlayerEmpty": "Escribe tu nombre...",
		"NameWorldEmpty": "Escribe nombre del mundo...",
		"Unfavorite": "Quitar",
		"UnfavoriteFrontEnd": "Quitar fav.",
		"SearchingHosts": "Buscando partidas locales...",
		"Online":"En línea",
		"Local":"Local",
		"Host":"Host",
		"SelectServer":"Elegir servidor",
		"Connect":"Add",
		"ServerIP":"IP de servidor:",
		"EnterServerIP":"Introduce la dirección IP del servidor...",
		"ServerPort":"Puerto:",
		"EnterServerPort":"Introduce el puerto del servidor...",
		"MagnifierEnabled":"Lupa activada",
		"MagnifierDisabled":"Lupa desactivada",
		"FrameRateCap30":"Límite de tasa de refresco: 30",
		"FrameRateCap60":"Límite de tasa de refresco: 60",
		"ScreenEffectsEnabled":"Efectos de pantalla activados",
		"ScreenEffectsDisabled":"Efectos de pantalla desactivados",
		"EditInterface":"Editar interfaz",
		"FrameRateDisplayed":"Mostrar tasa de refresco",
		"FrameRateHidden":"Ocultar tasa de refresco",
		"SafeRegion":"Región segura",
		"Interface":"Interface",
		"Discard":"Descartar",
		"Default":"Predeterminado",
		"UIScale":"UI Scale:",
		"Side":"Lateral",
		"Top":"Superior",
		"Bottom":"Inferior",
		"InterfaceSettingsDescription":"*Algunos ajustes podrían estar desactivados, según el tamaño de tu dispositivo.",
		"UsefulLinks":"Social",
		"Wiki":"Wiki de Terraria",
		"Forum":"Foro de Terraria",
		"Discord":"Discord de Terraria",
		"ContactSupport":"Atención al cliente de 505",
		"Youtube":"Youtube de Re-Logic",
		"Twitter":"Twitter de Terraria",
		"PrivacyPolicy":"Política de privacidad de 505",
		"Facebook":"Facebook de Terraria",
		"TooltipFade": "Desaparición de información: {0} s",
		"ItemTooltipFade": "Desaparición de información de objeto: {0} s",
		"Loot": "Coger",
		"Remove": "Quitar",
		"Unequip": "Quitar",
		"Show": "Mostrar",
		"Hide": "Ocultar",
		"Deposit": "Poner",
		"Quit": "Exit",
		"Enable": "Activar",
		"Disable": "Desactivar",
		"Teleport":"Teletransporte",
		"QuickStack": "Apilar\nrápido",
		"Materials": "Materiales",
		"Savings": "Ahorros",
		"Armour": "Armadura",
		"NoRecipes": "No hay recetas disponibles",
		"QuickSlots": "Ranuras de acceso rápido",
		"SelectItemReforge": "Selecciona un objeto para reciclarlo",
		"WriteMessagePrompt":"Escribe aquí tu mensaje...",
		"QuitPrompt": "¿Seguro que deseas salir?",
		"ServerFull":"El servidor está lleno",
		"SplitStackOpen": "Split",
		"SplitStackClose": "Cancel",
		"SplitStackAction": "Split",
		"Join": "Jugar",
		"AimAndUse": "Apuntar y usar",
		"AimOnly": "Solo apuntar",
		"SmartCursorOn": "Cursor inteligente: Sí",
		"SmartCursorOff": "Cursor inteligente: No",
		"CombatTargetingOn": "Fijar objetivo: Sí",
		"CombatTargetingOff": "Fijar objetivo: No",
		"CombatTargetingNoTargets": "Sin objetivos",
		"HousingQuery": "Query",
		"PvP": "Players",
		"CraftGuideEmpty": "Selecciona un objeto para mostrar las recetas posibles",
		"HairStylist": "Estilista",
		"Home": "Main Menu",
		"Sound": "Sound",
		"Gameplay": "Más información",
		"Equip": "Equipar",
		"Sell": "Vender",
		"Craft": "Crear",
		"ApplyChanges": "Aplicar",
		"MultiplayerLocalTitle": "Host",
		"MultiplayerOnlineTitle": "Add Server",
		"LeftStickAimingOn": "Left Stick Aim On",
		"LeftStickAimingOff": "Left Stick Aim Off",
		"ResetCursorModes": "Reset Aim and Smart Cursor Modes",
		"RemoveServerList": "Remove {0} from the server list?",
		"BugReport": "Bug report"
	},
	
	"UI":	{
		"WorldSizeTiny": "Diminuto"
	}
}
