﻿{
	"Mobile": {
		"MaxPlayers": "Макс. игроков:",
		"Password": "Пароль:",
		"PasswordEmpty": "Нет",
		"Name": "Имя:",
		"NamePlayerEmpty": "Введите свое имя...",
		"NameWorldEmpty": "Введите название мира...",
		"Unfavorite": "Убрать из избранного",
		"UnfavoriteFrontEnd": "Убрать из избранного",
		"SearchingHosts": "Поиск локальных игр...",
		"Online":"В сети",
		"Local":"На устройстве",
		"Host":"Host",
		"SelectServer":"Выбрать сервер",
		"Connect":"Add",
		"ServerIP":"IP-адрес сервера:",
		"EnterServerIP":"Введите IP-адрес сервера...",
		"ServerPort":"Порт сервера:",
		"EnterServerPort":"Введите порт сервера...",
		"MagnifierEnabled":"Лупа включена",
		"MagnifierDisabled":"Лупа отключена",
		"FrameRateCap30":"Макс. частота смены кадров: 30",
		"FrameRateCap60":"Макс. частота смены кадров: 60",
		"ScreenEffectsEnabled":"Экранные эффекты включены",
		"ScreenEffectsDisabled":"Экранные эффекты отключены",
		"EditInterface":"Редактировать интерфейс",
		"FrameRateDisplayed":"Показывать частоту смены кадров",
		"FrameRateHidden":"Скрыть частоту смены кадров",
		"SafeRegion":"Безопасная область",
		"Interface":"Interface",
		"Discard":"Отменить",
		"Default":"По умолчанию",
		"UIScale":"UI Scale:",
		"Side":"Сбоку",
		"Top":"Сверху",
		"Bottom":"Снизу",
		"InterfaceSettingsDescription":"*Некоторые настройки могут быть отключены в зависимости от вашего устройства.",
		"UsefulLinks":"Social",
		"Wiki":"Wiki Terraria",
		"Forum":"Форум Terraria",
		"Discord":"Discord Terraria",
		"ContactSupport":"Поддержка клиентов компании 505",
		"Youtube":"Канал Youtube Re-Logic",
		"Twitter":"Twitter Terraria",
		"PrivacyPolicy":"Политика конфиденциальности компании 505",
		"Facebook":"Facebook Terraria",
		"TooltipFade": "Исчезновение подсказки: {0} с",
		"ItemTooltipFade": "Исчезновение подсказки о предмете: {0} с",
		"Loot": "Взять",
		"Remove": "Снять",
		"Unequip": "Снять",
		"Show": "Показать",
		"Hide": "Скрыть",
		"Deposit": "На склад",
		"Quit": "Exit",
		"Enable": "Включить",
		"Disable": "Отключить",
		"Teleport":"Телепорт",
		"QuickStack": "Быстрая\nстопка",
		"Materials": "Материалы",
		"Savings": "Сбережения",
		"Armour": "Броня",
		"NoRecipes": "Рецепты недоступны",
		"QuickSlots": "Быстрые ячейки",
		"SelectItemReforge": "Выберите предмет для перековки",
		"WriteMessagePrompt":"Введите текст здесь...",
		"QuitPrompt": "Вы действительно хотите выйти?",
		"ServerFull":"Сервер заполнен",
		"SplitStackOpen": "Split",
		"SplitStackClose": "Cancel",
		"SplitStackAction": "Split",
		"Join": "Играть",
		"AimAndUse": "Целиться и использовать",
		"AimOnly": "Только целиться",
		"SmartCursorOn": "Смарт-курсор вкл.",
		"SmartCursorOff": "Смарт-курсор откл.",
		"CombatTargetingOn": "Фиксация на цели вкл.",
		"CombatTargetingOff": "Фиксация на цели откл.",
		"CombatTargetingNoTargets": "Нет целей",
		"HousingQuery": "Query",
		"PvP": "Players",
		"CraftGuideEmpty": "Выберите предмет, чтобы показать возможные рецепты",
		"HairStylist": "Стилист",
		"Home": "Main Menu",
		"Sound": "Sound",
		"Gameplay": "Дополнительная информация",
		"Equip": "Надеть/взять",
		"Sell": "Продать",
		"Craft": "Создать",
		"ApplyChanges": "Применить",
		"MultiplayerLocalTitle": "Host",
		"MultiplayerOnlineTitle": "Add Server",
		"LeftStickAimingOn": "Left Stick Aim On",
		"LeftStickAimingOff": "Left Stick Aim Off",
		"ResetCursorModes": "Reset Aim and Smart Cursor Modes",
		"RemoveServerList": "Remove {0} from the server list?",
		"BugReport": "Bug report"
	},
	
	"UI":	{
		"WorldSizeTiny": "Маленький"
	}
}
