{
	"Announcement": {
		"HasBeenDefeated_Plural": "{0} побеждены!",
		"HasBeenDefeated_Single": "{0} побежден!",
		"HasAwoken": "Пробудился босс {0}!",
		"HasArrived": "Босс {0} прибыл!"
	},
	"ArmorSetBonus": {
		"MetalTier1": "2 ед. защиты",
		"MetalTier2": "3 ед. защиты",
		"CobaltRanged": "Шанс 20 % не потратить боеприпасы",
		"MythrilCaster": "Снижает использование манны на 17 %",
		"MythrilMelee": "Увеличивает шанс критического урона в ближнем бою на 5 %",
		"MythrilRanged": "Шанс 20 % не потратить боеприпасы",
		"AdamantiteCaster": "Снижает использование манны на 19 %",
		"AdamantiteMelee": "Увеличивает скорость ближнего боя и передвижения на 18 %",
		"AdamantiteRanged": "Шанс 25 % не потратить боеприпасы",
		"HallowCaster": "Снижает использование манны на 20 %",
		"HallowMelee": "Увеличивает скорость ближнего боя и передвижения на 19 %",
		"HallowRanged": "Шанс 25 % не потратить боеприпасы",
		"ShadowScale": "Увеличивает скорость движения на 15 %",
		"Wood": "1 ед. защиты",
		"Crimson": "Значительно ускоряет восстановление жизни",
		"Frost": "Ближние и дистанционные атаки вызывают ледяной ожог",
		"Tiki": "Увеличивает ваше максимальное количество питомцев",
		"Palladium": "Значительно ускоряет восстановление жизни после удара по врагу",
		"Orichalcum": "На вашего врага будут падать лепестки цветов, нанося дополнительный урон",
		"Titanium": "Получение невосприимчивости после удара по врагу",
		"Chlorophyte": "Призывает мощный лиственный кристалл, который стреляет в ближайших врагов",
		"Wizard": "Увеличивает шанс критического магического урона на 10 %",
		"Turtle": "Атакующие получают в ответ столько же урона",
		"Meteor": "Космическая пушка стоит 0 манны",
		"SpectreHealing": "Игроки с наименьшим количеством здоровья исцеляются на значение магического урона, нанесенного врагам",
		"Shroomite": "Неподвижность дает невидимость,\nчто увеличивает дистанционные способности и снижает шанс врагов попасть в вас",
		"Platinum": "4 ед. защиты",
		"Pumpkin": "Увеличивает урон на 10 %",
		"Spooky": "Увеличивает урон питомца на 25 %",
		"SpectreDamage": "Магические атаки также будут наносить урон соседним врагам",
		"MagicHat": "Увеличивает максимум манны на 60",
		"BeetleDefense": "Жуки защищают вас от урона",
		"BeetleDamage": "Жуки увеличивают вашу скорость и урон в ближнем бою",
		"Bee": "Увеличивает урон питомца на 10 %",
		"Bone": "Шанс 20 % не потратить боеприпасы",
		"Spider": "Увеличивает урон питомца на 12 %",
		"Ninja": "Шанс 33 % не потратить бросаемый предмет",
		"Fossil": "Шанс 50 % не потратить бросаемый предмет",
		"Solar": "Вырабатываются солнечные щиты, которые защищают вас,\nи вы можете потратить один заряд щита, чтобы атаковать врагов",
		"Vortex": "Дважды коснитесь ВНИЗ, чтобы включить невидимость,\nкоторая увеличивает дистанционные способности и снижает шанс врагов попасть в вас, но уменьшает вашу скорость движения",
		"Nebula": "При нанесении врагам урона существует шанс выпадения усилителей.\nУсилители одного типа могут накапливаться, увеличивая усиление",
		"Stardust": "Дважды коснитесь ВНИЗ, чтобы направить вашего охранника в нужное место",
		"Forbidden": "Дважды коснитесь ВНИЗ, чтобы вызвать старинный шторм в место курсора",
		"Jungle": "Снижает использование манны на 16 %",
		"Molten": "Увеличивает урон в ближнем бою на 17 %",
		"Mining": "Увеличивает скорость добычи руды на 30 %",
		"CobaltCaster": "Снижает использование манны на 14 %",
		"CobaltMelee": "Увеличивает скорость ближнего боя 15 %",
		"ApprenticeTier2": "Увеличивает ваше максимальное количество стражников\nПоле зрения и дальность стрельбы огнеметных стражников значительно увеличены",
		"ApprenticeTier3": "Увеличивает ваше максимальное количество стражников\nСильно увеличивает эффективность огнеметных стражников",
		"HuntressTier2": "Увеличивает ваше максимальное количество стражников\nЛовушки со взрывчаткой перезаряжаются быстрее и покрывают врагов маслом\nПоджигает врагов в масле, нанося дополнительный урон",
		"HuntressTier3": "Увеличивает ваше максимальное количество стражников\nЗначительно увеличивает эффективность ловушек со взрывчаткой ",
		"MonkTier2": "Увеличивает ваше максимальное количество стражников\nАура света теперь может наносить критический урон и бьет быстрее",
		"MonkTier3": "Увеличивает ваше максимальное количество стражников\nЗначительно увеличивает эффективность Ауры света",
		"SquireTier2": "Увеличивает ваше максимальное количество стражников\nБаллиста пронзает больше целей и паникует, когда вам наносится урон",
		"SquireTier3": "Увеличивает ваше максимальное количество стражников\nЗначительно увеличивает эффективность баллисты"
	},
	"BuffDescription": {
		"AmmoBox": "Шанс 20 % не потратить боеприпасы",
		"AmmoReservation": "Шанс 20 % не потратить боеприпасы",
		"Archery": "Урон и скорость полета стрел увеличены на 20 %",
		"BabyDinosaur": "Детеныш динозавра следует за вами",
		"BabyEater": "Детеныш пожирателя душ следует за вами",
		"BabyFaceMonster": "Детеныш лицевого монстра следует за вами",
		"BabyGrinch": "Малыш Гринч следует за вами",
		"BabyHornet": "Думает, что вы — его мама",
		"BabyPenguin": "Думаю, он хочет вашу рыбку",
		"BabySkeletronHead": "Даже не спрашивайте...",
		"BabySlime": "Слизнячок сражается за вас",
		"BabySnowman": "За вами следует детеныш снеговика",
		"BabyTruffle": "Это тааак мило!",
		"BallistaPanic": "Ваши баллисты быстро стреляют в панике!",
		"BasiliskMount": "Бьет по всему... и по ВСЕМ!",
		"Battle": "Ускоренное воскрешение врагов",
		"BeeMount": "Бззз-бззз-бззз",
		"BeetleEndurance1": "Получаемый урон снижен на 15 %",
		"BeetleEndurance2": "Получаемый урон снижен на 30 %",
		"BeetleEndurance3": "Получаемый урон снижен на 45 %",
		"BeetleMight1": "Урон в ближнем бою и скорость увеличены на 10 %",
		"BeetleMight2": "Урон в ближнем бою и скорость увеличены на 20 %",
		"BeetleMight3": "Урон в ближнем бою и скорость увеличены на 30 %",
		"BetsysCurse": "Снижает защиту",
		"Bewitched": "Увеличивает максимальное количество питомцев",
		"BlackCat": "За вами следует черный котенок",
		"Blackout": "Значительно уменьшает видимость",
		"Bleeding": "Не может восстанавливать жизнь",
		"BoneJavelin": "Кровоточит",
		"BrokenArmor": "Защита уменьшается наполовину",
		"Builder": "Увеличивает скорость и дистанцию укладки блоков",
		"BunnyMount": "Вам очень хочется морковки",
		"Burning": "Потеря жизни и замедленное движение",
		"Calm": "Снижает агрессивность врагов",
		"Campfire": "Восстановление жизни немного ускорено",
		"ChaosState": "При использовании жезла разногласий расходуется жизнь",
		"Chilled": "Скорость движения снижена",
		"Clairvoyance": "Магические способности снижены",
		"CompanionCube": "Никогда не будет грозить лизнуть вас и, впрочем, не может говорить",
		"Confused": "Движение в противоположном направлении",
		"Crate": "Увеличивает шанс выловить ящик",
		"CrimsonHeart": "Магическое сердце, излучающее свет",
		"Cursed": "Невозможно использовать предметы",
		"CursedInferno": "Теряет жизнь",
		"CursedSapling": "За вами следует проклятое растеньице",
		"CuteFishronMount": "Просто не давайте ему ползти.",
		"Dangersense": "Вы видите ближайшие опасности",
		"Darkness": "Ухудшенное зрение на свету",
		"Daybreak": "Сжигается солнечными лучами",
		"Dazed": "Движение значительно замедлено",
		"DeadlySphere": "Смертельная сфера будет сражаться за вас",
		"DrillMount": "Ездит на летающем буре",
		"DryadsWard": "Вас защищает сила природы",
		"DryadsWardDebuff": "Вас принуждает сила природы",
		"Electrified": "Вы не можете двигаться",
		"Endurance": "Получаемый урон снижен на 10 %",
		"EyeballSpring": "За вами следует прыгающий глаз",
		"FairyBlue": "За вами следует фея",
		"FairyGreen": "За вами следует фея",
		"FairyRed": "За вами следует фея",
		"Featherfall": "Нажми ВВЕРХ или ВНИЗ, чтобы контролировать скорость спуска",
		"Fishing": "Увеличивает навык рыбной ловли",
		"Flipper": "Движение, как в обычной воде",
		"Frostburn": "Либо очень горячее, либо очень холодное. В любом случае, это ОЧЕНЬ больно",
		"Frozen": "Вы не можете двигаться!",
		"Gills": "Позволяет дышать водой вместо воздуха",
		"Gravitation": "Коснитесь ВВЕРХ, чтобы изменить гравитацию",
		"HeartLamp": "Восстановление жизни ускорено",
		"Heartreach": "Увеличивает дистанцию сбора сердец",
		"Honey": "Восстановление жизни ускорено",
		"HornetMinion": "За вас сражается шершень",
		"Horrified": "Вы увидели что-то мерзкое, и выхода не было.",
		"Hunter": "Показывает местоположение врагов",
		"IceBarrier": "Получаемый урон снижен на 25 %",
		"Ichor": "Сниженная защита",
		"ImpMinion": "За вас сражается бес",
		"Inferno": "Враги поблизости воспламеняются",
		"Invisibility": "Дает невидимость",
		"Ironskin": "Увеличивает защиту на 8",
		"LeafCrystal": "Стреляет кристаллами в ближайших врагов",
		"Lifeforce": "Увеличивает макс. уровень здоровья на 20 %",
		"Lovestruck": "Вы влюблены!",
		"MagicLantern": "Ваш путь освещает зачарованный фонарь",
		"MagicPower": "Увеличивает магический урон на 20 %",
		"ManaRegeneration": "Ускоряет регенерацию манны",
		"ManaSickness": "Наносимый магический урон снижен на ",
		"Merfolk": "Можно легко дышать и двигаться под водой",
		"Midas": "Терять больше денег при смерти",
		"MinecartLeft": "Едет в вагонетке",
		"MinecartLeftMech": "Едет в вагонетке",
		"MinecartLeftWood": "Едет в вагонетке",
		"MinecartRight": "Едет в вагонетке",
		"MinecartRightMech": "Едет в вагонетке",
		"MinecartRightWood": "Едет в вагонетке",
		"MiniMinotaur": "Как вы победите мини-минотавра?",
		"Mining": "Увеличивает скорость добычи руды",
		"MonsterBanner": "Увеличенные урон и защита от следующего:",
		"MoonLeech": "Вы не можете получать эффекты исцеления",
		"NebulaUpDmg1": "Увеличенный урон на 15 %",
		"NebulaUpDmg2": "Увеличенный урон на 30 %",
		"NebulaUpDmg3": "Увеличенный урон на 45 %",
		"NebulaUpLife1": "Ускоренная регенерация здоровья",
		"NebulaUpLife2": "Ускоренная регенерация здоровья",
		"NebulaUpLife3": "Ускоренная регенерация здоровья",
		"NebulaUpMana1": "Ускоренная регенерация манны",
		"NebulaUpMana2": "Ускоренная регенерация манны",
		"NebulaUpMana3": "Ускоренная регенерация манны",
		"NightOwl": "Улучшенное ночное зрение",
		"NoBuilding": "Вы утратили силу создателя!",
		"ObsidianSkin": "Невосприимчивость к лаве",
		"Obstructed": "Вы не можете видеть!",
		"OgreSpit": "Движение сильно затруднено",
		"Oiled": "Получает больше урона от огня",
		"OnFire": "Медленно теряет здоровье",
		"PaladinsShield": "25 % полученного урона будет перенаправлено другому игроку",
		"Panic": "Скорость движения повышена",
		"ParryDamageBuff": "+ 500 % к урону от следующего удара ближнего боя",
		"PeaceCandle": "Уменьшенная скорость возрождения монстров",
		"PetBunny": "Думаю, он хочет вашу морковку",
		"PetDD2Dragon": "За вами следует жаднодракон",
		"PetDD2Gato": "За вами следует котопропеллер",
		"PetDD2Ghost": "За вами следует огонек",
		"PetLizard": "Холодный как рептилия",
		"PetParrot": "Полли хочет крекер",
		"PetSapling": "За вами следует растеньице",
		"PetSpider": "За вами следует паук",
		"PetTurtle": "Счастливое черепашье время!",
		"PigronMount": "Теперь ты меня видишь...",
		"PirateMinion": "За вас сражается пират",
		"Poisoned": "Медленно теряет здоровье",
		"PotionSickness": "Невозможно использовать лечащие предметы",
		"Puppy": "Щенок следует за вами",
		"Pygmies": "Пигмеи сражаются за вас",
		"Rabies": "Увеличенный урон, замедленное восстановление жизни, накладывает статусные эффекты",
		"Rage": "Увеличивает шанс критического удара на 10 %",
		"RapidHealing": "Восстановление жизни значительно ускорено",
		"Ravens": "Вороны атакуют ваших врагов",
		"Regeneration": "Восстанавливает жизнь",
		"Rudolph": "Ездит на красноносом северном олене",
		"ScutlixMount": "Пиф-паф",
		"ShadowDodge": "Вы уклонитесь от следующей атаки",
		"ShadowFlame": "Теряет жизнь",
		"ShadowOrb": "Магическая сфера, излучающая свет",
		"SharknadoMinion": "Акулонадо будет сражаться за вас",
		"Sharpened": "Оружие ближнего боя пробивает броню",
		"Shine": "Светится",
		"Silenced": "Нельзя использовать предметы, требующие манны",
		"Slimed": "Вы скользкие и липкие",
		"SlimeMount": "БДЫНЬ!",
		"Slow": "Скорость движения снижена",
		"SolarShield1": "Получаемый урон снижен на 30 %, отпугивает врагов при получении урона",
		"SolarShield2": "Получаемый урон снижен на 30 %, отпугивает врагов при получении урона",
		"SolarShield3": "Получаемый урон снижен на 30 %, отпугивает врагов при получении урона",
		"Sonar": "Вы видите, какая рыба клюет",
		"SoulDrain": "Ускоренная регенерация здоровья",
		"Spelunker": "Показывает местоположение сокровищ и руды",
		"SpiderMinion": "Паук будет сражаться за вас",
		"Squashling": "За вами следует тыковка",
		"StardustDragonMinion": "Вас защищает дракон звездной пыли",
		"StardustGuardianMinion": "Вас защищает хранитель звездной пыли",
		"StardustMinion": "За вас сражается клетка звездной пыли",
		"StardustMinionBleed": "поедается клетками",
		"StarInBottle": "Ускоренная регенерация манны",
		"Stinky": "Вы ужасно воняете",
		"Stoned": "Вы окаменели!",
		"Suffocation": "Теряет жизнь",
		"Summoning": "Увеличивает максимальное количество питомцев",
		"Sunflower": "Скорость движения увеличена, скорость воскрешения монстров снижена",
		"SuspiciousTentacle": "Подозрительно выглядящий глаз, излучающий свет",
		"Swiftness": "Увеличивает скорость движения на 25 %",
		"TheTongue": "Вас затянуло в рот",
		"Thorns": "Атакующие тоже получают урон",
		"TikiSpirit": "Дружелюбный дух следует за вами",
		"Tipsy": "Увеличивает способности в ближнем бою, снижает защиту",
		"Titan": "Увеличивает отбрасывание",
		"TurtleMount": "Замедляется на земле, увеличивается в море",
		"TwinEyesMinion": "За вас сражаются близнецы",
		"UFOMinion": "За вас сражается НЛО",
		"UFOMount": "Хорошо, если у вас есть MAC",
		"UnicornMount": "Заряд вперед... невероятно!",
		"Venom": "Теряет жизнь",
		"VortexDebuff": "Притяжение вокруг вас искажается",
		"Warmth": "Снижает урон от источников холода",
		"WaterCandle": "Увеличивает скорость возрождения монстров",
		"WaterWalking": "Нажми ВНИЗ, чтобы войти в воду",
		"Weak": "Физические способности снижены",
		"WeaponImbueConfetti": "Ближние атаки вызывают появление конфетти",
		"WeaponImbueCursedFlames": "Ближние атаки накладывают на врагов проклятый огонь",
		"WeaponImbueFire": "Ближние атаки поджигают врагов",
		"WeaponImbueGold": "При ближних атаках враги оставляют больше золота",
		"WeaponImbueIchor": "Ближние атаки снижают защиту врагов",
		"WeaponImbueNanites": "Ближние атаки накладывают на врагов запутанность",
		"WeaponImbuePoison": "Ближние атаки отравляют врагов",
		"WeaponImbueVenom": "Ближние атаки накладывают на ваши цели эффект яда",
		"Webbed": "Вы застряли",
		"WellFed": "Немного повышает все характеристики",
		"Werewolf": "Физические способности повышены",
		"Wet": "С вас капает вода",
		"WindPushed": "Вас сдвигает ветер!",
		"Wisp": "За вами следует дух",
		"WitheredArmor": "Ваша броня снижена!",
		"WitheredWeapon": "Ваши атаки ослаблены!",
		"Wrath": "Увеличивает урон на 10 %",
		"ZephyrFish": "Любит плавать вокруг вас"
	},
	"BuffName": {
		"AmmoBox": "Ящик с боеприпасами",
		"AmmoReservation": "Экономия патронов",
		"Archery": "Лучник",
		"BabyDinosaur": "Детеныш динозавра",
		"BabyEater": "Детеныш пожирателя",
		"BabyFaceMonster": "Детеныш лицевого монстра",
		"BabyGrinch": "Малыш Гринч",
		"BabyHornet": "Детеныш шершня",
		"BabyPenguin": "Детеныш пингвина",
		"BabySkeletronHead": "Детеныш головы Скелетрона",
		"BabySlime": "Слизнячок",
		"BabySnowman": "Детеныш снеговика",
		"BabyTruffle": "Детеныш архививерны",
		"BallistaPanic": "Баллиста в панике!",
		"BasiliskMount": "Ездовой василиск",
		"Battle": "Бой",
		"BeeMount": "Ездовая пчела",
		"BeetleEndurance1": "Жучья выносливость",
		"BeetleEndurance2": "Жучья выносливость",
		"BeetleEndurance3": "Жучья выносливость",
		"BeetleMight1": "Жучья сила",
		"BeetleMight2": "Жучья сила",
		"BeetleMight3": "Жучья сила",
		"BetsysCurse": "Проклятие Бетси",
		"Bewitched": "Колдовство",
		"BlackCat": "Черная кошка",
		"Blackout": "Затемнение",
		"Bleeding": "Кровотечение",
		"BoneJavelin": "Проникновение",
		"BrokenArmor": "Сломанная броня",
		"Builder": "Строитель",
		"BunnyMount": "Ездовой кролик",
		"Burning": "Ожог",
		"Calm": "Спокойствие",
		"Campfire": "Уютный огонь",
		"ChaosState": "Состояние хаоса",
		"Chilled": "Охлаждение",
		"Clairvoyance": "Ясновидение",
		"CompanionCube": "Куб-спутник",
		"Confused": "Запутанность",
		"Crate": "Ящики",
		"CrimsonHeart": "Багряное сердце",
		"Cursed": "Проклятие",
		"CursedInferno": "Проклятие ада",
		"CursedSapling": "Проклятое растеньице",
		"CuteFishronMount": "Милый ездовой Рыброн",
		"Dangersense": "Чувство опасности",
		"Darkness": "Тьма",
		"Daybreak": "Заря",
		"Dazed": "Ошеломление",
		"DeadlySphere": "Смертельная сфера",
		"DrillMount": "Ездовой бур",
		"DryadsWard": "Благословение Дриады",
		"DryadsWardDebuff": "Проклятие Дриады",
		"Electrified": "Электризация",
		"Endurance": "Выносливость",
		"EyeballSpring": "Прыгающий глаз",
		"FairyBlue": "Фея",
		"FairyGreen": "Фея",
		"FairyRed": "Фея",
		"Featherfall": "Перышки",
		"Fishing": "Рыбалка",
		"Flipper": "Ласты",
		"Frostburn": "Ледяной ожог",
		"Frozen": "Заморозка",
		"Gills": "Жабры",
		"Gravitation": "Гравитация",
		"HeartLamp": "Сердечная лампа",
		"Heartreach": "Сердечный магнит",
		"Honey": "Мед",
		"HornetMinion": "Шершень",
		"Horrified": "В ужасе",
		"Hunter": "Охотник",
		"IceBarrier": "Ледяная преграда",
		"Ichor": "Ихор",
		"ImpMinion": "Бес",
		"Inferno": "Инферно",
		"Invisibility": "Невидимость",
		"Ironskin": "Железная кожа",
		"LeafCrystal": "Лиственный кристалл",
		"Lifeforce": "Жизненная сила",
		"Lovestruck": "Влюбленность",
		"MagicLantern": "Магический светильник",
		"MagicPower": "Магическая сила",
		"ManaRegeneration": "Регенерация манны",
		"ManaSickness": "Болезнь манны",
		"Merfolk": "Морской народ",
		"Midas": "Мидас",
		"MinecartLeft": "Вагонетка",
		"MinecartLeftMech": "Вагонетка",
		"MinecartLeftWood": "Вагонетка",
		"MinecartRight": "Вагонетка",
		"MinecartRightMech": "Вагонетка",
		"MinecartRightWood": "Вагонетка",
		"MiniMinotaur": "Мини-минотавр",
		"Mining": "Добыча",
		"MonsterBanner": "Знамя",
		"MoonLeech": "Лунный камень",
		"NebulaUpDmg1": "Туманность урона",
		"NebulaUpDmg2": "Туманность урона",
		"NebulaUpDmg3": "Туманность урона",
		"NebulaUpLife1": "Туманность жизни",
		"NebulaUpLife2": "Туманность жизни",
		"NebulaUpLife3": "Туманность жизни",
		"NebulaUpMana1": "Туманность манны",
		"NebulaUpMana2": "Туманность манны",
		"NebulaUpMana3": "Туманность манны",
		"NightOwl": "Полуночник",
		"NoBuilding": "Креативный шок",
		"ObsidianSkin": "Обсидиановая кожа",
		"Obstructed": "Затемнение",
		"OgreSpit": "Тормоз",
		"Oiled": "В масле",
		"OnFire": "Горит!",
		"PaladinsShield": "Щит паладина",
		"Panic": "Паника!",
		"ParryDamageBuff": "Ударный момент",
		"PeaceCandle": "Свеча спокойствия",
		"PetBunny": "Ручной кролик",
		"PetDD2Dragon": "Жаднодракон",
		"PetDD2Gato": "Котопропеллер",
		"PetDD2Ghost": "Огонек",
		"PetLizard": "Ручная ящерица",
		"PetParrot": "Ручной попугай",
		"PetSapling": "Растеньице",
		"PetSpider": "Ручной паук",
		"PetTurtle": "Ручная черепаха",
		"PigronMount": "Ездовой свинодракон",
		"PirateMinion": "Пират",
		"Poisoned": "Яд",
		"PotionSickness": "Послезельевая болезнь",
		"Puppy": "Щенок",
		"Pygmies": "Пигмеи",
		"Rabies": "Укус зверя",
		"Rage": "Ярость",
		"RapidHealing": "Быстрое лечение",
		"Ravens": "Вороны",
		"Regeneration": "Регенерация",
		"Rudolph": "Рудольф",
		"ScutlixMount": "Ездовой скутликс",
		"ShadowDodge": "Теневое уклонение",
		"ShadowFlame": "Теневое пламя",
		"ShadowOrb": "Сфера тени",
		"SharknadoMinion": "Акулонадо",
		"Sharpened": "Заточено",
		"Shine": "Сияние",
		"Silenced": "Немота",
		"Slimed": "Слизень",
		"SlimeMount": "Ездовой слизень",
		"Slow": "Медленный",
		"SolarShield1": "Солнечное пламя",
		"SolarShield2": "Солнечное пламя",
		"SolarShield3": "Солнечное пламя",
		"Sonar": "Сонар",
		"SoulDrain": "Похититель жизни",
		"Spelunker": "Спелеолог",
		"SpiderMinion": "Паук",
		"Squashling": "Тыковка",
		"StardustDragonMinion": "Дракон звездной пыли",
		"StardustGuardianMinion": "Хранитель звездной пыли",
		"StardustMinion": "Клетка звездной пыли",
		"StardustMinionBleed": "В клетке",
		"StarInBottle": "Звезда в бутылке",
		"Stinky": "Вонь",
		"Stoned": "Окаменение",
		"Suffocation": "Удушье",
		"Summoning": "Призыватель",
		"Sunflower": "Счастье!",
		"SuspiciousTentacle": "Подозрительно выглядящий глаз",
		"Swiftness": "Скорость",
		"TheTongue": "Язык",
		"Thorns": "Шипы",
		"TikiSpirit": "Дух Тики",
		"Tipsy": "Опьянение",
		"Titan": "Титан",
		"TurtleMount": "Ездовая черепаха",
		"TwinEyesMinion": "Близнецы",
		"UFOMinion": "НЛО",
		"UFOMount": "Ездовое НЛО",
		"UnicornMount": "Ездовой единорог",
		"Venom": "Яд",
		"VortexDebuff": "Искажение",
		"Warmth": "Согревание",
		"WaterCandle": "Водяная свеча",
		"WaterWalking": "Хождение по воде",
		"Weak": "Слабый",
		"WeaponImbueConfetti": "Насыщение оружия: конфетти",
		"WeaponImbueCursedFlames": "Насыщение оружия: проклятый огонь",
		"WeaponImbueFire": "Насыщение оружия: огонь",
		"WeaponImbueGold": "Насыщение оружия: золото",
		"WeaponImbueIchor": "Насыщение оружия: ихор",
		"WeaponImbueNanites": "Насыщение оружия: наниты",
		"WeaponImbuePoison": "Насыщение оружия: яд",
		"WeaponImbueVenom": "Насыщение оружия: отрава",
		"Webbed": "Паутина",
		"WellFed": "Сытость",
		"Werewolf": "Оборотень",
		"Wet": "Влага",
		"WindPushed": "Сильный ветер",
		"Wisp": "Дух",
		"WitheredArmor": "Усохшие доспехи",
		"WitheredWeapon": "Усохшее оружие",
		"Wrath": "Месть",
		"ZephyrFish": "Рыба-зефир"
	},
	"MapObject": {
		"Adamantite": "Адамантит",
		"AnimalSkin": "Шкура животного",
		"Anvil": "Наковальня",
		"Banner": "Знамя",
		"BeeHive": "Пчелиный улей",
		"Chair": "Стул",
		"Chandelier": "Люстра",
		"Chlorophyte": "Хлорофит",
		"ChristmasLight": "Рождественский фонарик",
		"Cobalt": "Кобальт",
		"Copper": "Медь",
		"CrimsonAltar": "Багровый алтарь",
		"Crimtane": "Кримтан",
		"DemonAltar": "Алтарь демонов",
		"Demonite": "Демонит",
		"Door": "Дверь",
		"DrippingHoney": "Капающий мед",
		"DrippingLava": "Капающая лава",
		"DrippingWater": "Капающая вода",
		"FloorLamp": "Потолочная лампа",
		"Fossil": "Ископаемое",
		"GiantMushroom": "Гигантский гриб",
		"Gold": "Золото",
		"Iron": "Железо",
		"ItemRack": "Стойка для предметов",
		"Lantern": "Светильник",
		"Larva": "Личинка",
		"Lead": "Свинец",
		"LivingWood": "Живая древесина",
		"MetalBar": "Металлический слиток",
		"Mythril": "Мифрил",
		"OrangeSquirrelCage": "Клетка с оранжевой белкой",
		"Orichalcum": "Орихалк",
		"Painting": "Картина",
		"Palladium": "Палладий",
		"PalmTree": "Пальма",
		"Picture": "Рисунок",
		"PineTree": "Сосна",
		"PlanterasBulb": "Лампа Плантеры",
		"Platinum": "Платина",
		"Pot": "Горшочек",
		"Rocket": "Ракета",
		"SandFlow": "Поток песка",
		"Sapling": "Растеньице",
		"SiltExtractinator": "Обогатитель ила",
		"Silver": "Серебро",
		"Sink": "Раковина",
		"Statue": "Статуя",
		"Table": "Стол",
		"Thorn": "Шип",
		"Thorns": "Шипы",
		"Timer": "Таймер",
		"Tin": "Олово",
		"Titanium": "Титан",
		"Trap": "Ловушка",
		"Tree": "Дерево",
		"Trophy": "Трофей",
		"Tungsten": "Вольфрам",
		"Turret": "Турель",
		"Vase": "Ваза",
		"WaterFountain": "Водяной фонтан",
		"Web": "Паутина"
	},
	"ChatCommand": {
		"Playing_0": "{$LegacyMultiplayer.6}",
		"Playing_1": "{$LegacyMultiplayer.21}",
		"Roll": "{$LegacyMultiplayer.8}",
		"Party": "/в",
		"Emote": "/я"
	}
}