{
	"ChatCommand": {
		"Party": "/p",
		"Emote": "/me",
		"Playing_0": "{$LegacyMultiplayer.6}",
		"Playing_1": "{$LegacyMultiplayer.21}",
		"Roll": "{$LegacyMultiplayer.8}"
	},
	"Announcement": {
		"HasBeenDefeated_Single": "{0} has been defeated!",
		"HasBeenDefeated_Plural": "{0} have been defeated!",
		"HasAwoken": "{0} has awoken!",
		"HasArrived": "{0} has arrived!"
	},
	"MapObject": {
		"Tree": "Tree",
		"Iron": "Iron",
		"Copper": "Copper",
		"Gold": "Gold",
		"Silver": "Silver",
		"Door": "Door",
		"Table": "Table",
		"Chair": "Chair",
		"Anvil": "Anvil",
		"Sapling": "Sapling",
		"Demonite": "Demonite",
		"DemonAltar": "Demon Altar",
		"CrimsonAltar": "Crimson Altar",
		"Fossil": "Fossil",
		"Pot": "Pot",
		"Thorns": "Thorns",
		"Chandelier": "Chandelier",
		"Lantern": "Lantern",
		"Web": "Web",
		"Thorn": "Thorn",
		"GiantMushroom": "Giant Mushroom",
		"Banner": "Banner",
		"FloorLamp": "Floor Lamp",
		"Statue": "Statue",
		"Vase": "Vase",
		"Cobalt": "Cobalt",
		"Mythril": "Mythril",
		"Adamantite": "Adamantite",
		"Trap": "Trap",
		"Timer": "Timer",
		"ChristmasLight": "Christmas Light",
		"Tin": "Tin",
		"Lead": "Lead",
		"Tungsten": "Tungsten",
		"Platinum": "Platinum",
		"PineTree": "Pine Tree",
		"Sink": "Sink",
		"LivingWood": "Living Wood",
		"Crimtane": "Crimtane",
		"WaterFountain": "Water Fountain",
		"Chlorophyte": "Chlorophyte",
		"Turret": "Turret",
		"Rocket": "Rocket",
		"SiltExtractinator": "Silt Extractinator",
		"Palladium": "Palladium",
		"Orichalcum": "Orichalcum",
		"Titanium": "Titanium",
		"Larva": "Larva",
		"PlanterasBulb": "Plantera's Bulb",
		"MetalBar": "Metal Bar",
		"Trophy": "Trophy",
		"ItemRack": "Item Rack",
		"Painting": "Painting",
		"AnimalSkin": "Animal Skin",
		"Picture": "Picture",
		"OrangeSquirrelCage": "Orange Squirrel Cage",
		"PalmTree": "Palm Tree",
		"DrippingWater": "Dripping Water",
		"DrippingLava": "Dripping Lava",
		"DrippingHoney": "Dripping Honey",
		"SandFlow": "Sand Flow",
		"BeeHive": "Bee Hive"
	},
	"BuffName": {
		"ObsidianSkin": "Obsidian Skin",
		"Regeneration": "Regeneration",
		"Swiftness": "Swiftness",
		"Gills": "Gills",
		"Ironskin": "Ironskin",
		"ManaRegeneration": "Mana Regeneration",
		"MagicPower": "Magic Power",
		"Featherfall": "Featherfall",
		"Spelunker": "Spelunker",
		"Invisibility": "Invisibility",
		"Shine": "Shine",
		"NightOwl": "Night Owl",
		"Battle": "Battle",
		"Thorns": "Thorns",
		"WaterWalking": "Water Walking",
		"Archery": "Archery",
		"Hunter": "Hunter",
		"Gravitation": "Gravitation",
		"ShadowOrb": "Shadow Orb",
		"Poisoned": "Poisoned",
		"PotionSickness": "Potion Sickness",
		"Darkness": "Darkness",
		"Cursed": "Cursed",
		"OnFire": "On Fire!",
		"Tipsy": "Tipsy",
		"WellFed": "Well Fed",
		"FairyBlue": "Fairy",
		"Werewolf": "Werewolf",
		"Clairvoyance": "Clairvoyance",
		"Bleeding": "Bleeding",
		"Confused": "Confused",
		"Slow": "Slow",
		"Weak": "Weak",
		"Merfolk": "Merfolk",
		"Silenced": "Silenced",
		"BrokenArmor": "Broken Armor",
		"Horrified": "Horrified",
		"TheTongue": "The Tongue",
		"CursedInferno": "Cursed Inferno",
		"PetBunny": "Pet Bunny",
		"BabyPenguin": "Baby Penguin",
		"PetTurtle": "Pet Turtle",
		"PaladinsShield": "Paladin's Shield",
		"Frostburn": "Frostburn",
		"BabyEater": "Baby Eater",
		"Chilled": "Chilled",
		"Frozen": "Frozen",
		"Honey": "Honey",
		"Pygmies": "Pygmies",
		"BabySkeletronHead": "Baby Skeletron Head",
		"BabyHornet": "Baby Hornet",
		"TikiSpirit": "Tiki Spirit",
		"PetLizard": "Pet Lizard",
		"PetParrot": "Pet Parrot",
		"BabyTruffle": "Baby Truffle",
		"PetSapling": "Pet Sapling",
		"Wisp": "Wisp",
		"RapidHealing": "Rapid Healing",
		"ShadowDodge": "Shadow Dodge",
		"LeafCrystal": "Leaf Crystal",
		"BabyDinosaur": "Baby Dinosaur",
		"IceBarrier": "Ice Barrier",
		"Panic": "Panic!",
		"BabySlime": "Baby Slime",
		"EyeballSpring": "Eyeball Spring",
		"BabySnowman": "Baby Snowman",
		"Burning": "Burning",
		"Suffocation": "Suffocation",
		"Ichor": "Ichor",
		"Venom": "Venom",
		"Midas": "Midas",
		"Blackout": "Blackout",
		"PetSpider": "Pet Spider",
		"Squashling": "Squashling",
		"Ravens": "Ravens",
		"BlackCat": "Black Cat",
		"CursedSapling": "Cursed Sapling",
		"WaterCandle": "Water Candle",
		"PeaceCandle": "Peace Candle",
		"Campfire": "Cozy Fire",
		"ChaosState": "Chaos State",
		"HeartLamp": "Heart Lamp",
		"Rudolph": "Rudolph",
		"Puppy": "Puppy",
		"BabyGrinch": "Baby Grinch",
		"AmmoBox": "Ammo Box",
		"ManaSickness": "Mana Sickness",
		"BeetleEndurance1": "Beetle Endurance",
		"BeetleEndurance2": "Beetle Endurance",
		"BeetleEndurance3": "Beetle Endurance",
		"BeetleMight1": "Beetle Might",
		"BeetleMight2": "Beetle Might",
		"BeetleMight3": "Beetle Might",
		"FairyRed": "Fairy",
		"FairyGreen": "Fairy",
		"Wet": "Wet",
		"Mining": "Mining",
		"Heartreach": "Heartreach",
		"Calm": "Calm",
		"Builder": "Builder",
		"Titan": "Titan",
		"Flipper": "Flipper",
		"Summoning": "Summoning",
		"Dangersense": "Dangersense",
		"AmmoReservation": "Ammo Reservation",
		"Lifeforce": "Lifeforce",
		"Endurance": "Endurance",
		"Rage": "Rage",
		"Inferno": "Inferno",
		"Wrath": "Wrath",
		"MinecartLeft": "Minecart",
		"MinecartRight": "Minecart",
		"Lovestruck": "Lovestruck",
		"Stinky": "Stinky",
		"Fishing": "Fishing",
		"Sonar": "Sonar",
		"Crate": "Crate",
		"Warmth": "Warmth",
		"HornetMinion": "Hornet",
		"ImpMinion": "Imp",
		"ZephyrFish": "Zephyr Fish",
		"BunnyMount": "Bunny Mount",
		"PigronMount": "Pigron Mount",
		"SlimeMount": "Slime Mount",
		"TurtleMount": "Turtle Mount",
		"BeeMount": "Bee Mount",
		"SpiderMinion": "Spider",
		"TwinEyesMinion": "Twins",
		"PirateMinion": "Pirate",
		"MiniMinotaur": "Mini Minotaur",
		"Slimed": "Slime",
		"SharknadoMinion": "Sharknado",
		"UFOMinion": "UFO",
		"UFOMount": "UFO Mount",
		"DrillMount": "Drill Mount",
		"ScutlixMount": "Scutlix Mount",
		"Electrified": "Electrified",
		"MoonLeech": "Moon Bite",
		"Sunflower": "Happy!",
		"MonsterBanner": "Banner",
		"Rabies": "Feral Bite",
		"Webbed": "Webbed",
		"Bewitched": "Bewitched",
		"SoulDrain": "Life Drain",
		"MagicLantern": "Magic Lantern",
		"ShadowFlame": "Shadowflame",
		"CrimsonHeart": "Crimson Heart",
		"BabyFaceMonster": "Baby Face Monster",
		"BoneJavelin": "Penetrated",
		"StardustMinion": "Stardust Cell",
		"StardustMinionBleed": "Celled",
		"DryadsWardDebuff": "Dryad's Bane",
		"StardustGuardianMinion": "Stardust Guardian",
		"StardustDragonMinion": "Stardust Dragon",
		"Daybreak": "Daybroken",
		"SuspiciousTentacle": "Suspicious Looking Eye",
		"CompanionCube": "Companion Cube",
		"PetDD2Gato": "Propeller Gato",
		"PetDD2Ghost": "Flickerwick",
		"PetDD2Dragon": "Hoardagron",
		"BetsysCurse": "Betsy's Curse",
		"Oiled": "Oiled",
		"Stoned": "Stoned",
		"StarInBottle": "Star in a Bottle",
		"Sharpened": "Sharpened",
		"Dazed": "Dazed",
		"DeadlySphere": "Deadly Sphere",
		"Obstructed": "Obstructed",
		"VortexDebuff": "Distorted",
		"DryadsWard": "Dryad's Blessing",
		"WindPushed": "Mighty Wind",
		"WitheredArmor": "Withered Armor",
		"WitheredWeapon": "Withered Weapon",
		"OgreSpit": "Oozed",
		"ParryDamageBuff": "Striking Moment",
		"BallistaPanic": "Ballista Panic!",
		"MinecartRightMech": "Minecart",
		"MinecartLeftMech": "Minecart",
		"MinecartRightWood": "Minecart",
		"MinecartLeftWood": "Minecart",
		"SolarShield1": "Solar Blaze",
		"SolarShield2": "Solar Blaze",
		"SolarShield3": "Solar Blaze",
		"NebulaUpDmg1": "Damage Nebula",
		"NebulaUpDmg2": "Damage Nebula",
		"NebulaUpDmg3": "Damage Nebula",
		"NebulaUpLife1": "Life Nebula",
		"NebulaUpLife2": "Life Nebula",
		"NebulaUpLife3": "Life Nebula",
		"NebulaUpMana1": "Mana Nebula",
		"NebulaUpMana2": "Mana Nebula",
		"NebulaUpMana3": "Mana Nebula",
		"UnicornMount": "Unicorn Mount",
		"CuteFishronMount": "Cute Fishron Mount",
		"BasiliskMount": "Basilisk Mount",
		"NoBuilding": "Creative Shock",
		"WeaponImbueVenom": "Weapon Imbue: Venom",
		"WeaponImbueCursedFlames": "Weapon Imbue: Cursed Flames",
		"WeaponImbueFire": "Weapon Imbue: Fire",
		"WeaponImbueGold": "Weapon Imbue: Gold",
		"WeaponImbueIchor": "Weapon Imbue: Ichor",
		"WeaponImbueNanites": "Weapon Imbue: Nanites",
		"WeaponImbueConfetti": "Weapon Imbue: Confetti",
		"WeaponImbuePoison": "Weapon Imbue: Poison"
	},
	"BuffDescription": {
		"ObsidianSkin": "Immune to lava",
		"Regeneration": "Provides life regeneration",
		"Swiftness": "25% increased movement speed",
		"Gills": "Breathe water instead of air",
		"Ironskin": "Increase defense by 8",
		"ManaRegeneration": "Increased mana regeneration",
		"MagicPower": "20% increased magic damage",
		"Featherfall": "Press UP or DOWN to control speed of descent",
		"Spelunker": "Shows the location of treasure and ore",
		"Invisibility": "Grants invisibility",
		"Shine": "Emitting light",
		"NightOwl": "Increased night vision",
		"Battle": "Increased enemy spawn rate",
		"Thorns": "Attackers also take damage",
		"WaterWalking": "Press DOWN to enter water",
		"Archery": "20% increased arrow damage and speed",
		"Hunter": "Shows the location of enemies",
		"Gravitation": "Tap UP to reverse gravity",
		"ShadowOrb": "A magical orb that provides light",
		"Poisoned": "Slowly losing life",
		"PotionSickness": "Cannot consume anymore healing items",
		"Darkness": "Decreased light vision",
		"Cursed": "Cannot use any items",
		"OnFire": "Slowly losing life",
		"Tipsy": "Increased melee abilities, lowered defense",
		"WellFed": "Minor improvements to all stats",
		"FairyBlue": "A fairy is following you",
		"Werewolf": "Physical abilities are increased",
		"Clairvoyance": "Magic powers are increased",
		"Bleeding": "Cannot regenerate life",
		"Confused": "Movement is reversed",
		"Slow": "Movement speed is reduced",
		"Weak": "Physical abilities are decreased",
		"Merfolk": "Can breathe and move easily underwater",
		"Silenced": "Cannot use items that require mana",
		"BrokenArmor": "Defense is cut in half",
		"Horrified": "You have seen something nasty, there is no escape.",
		"TheTongue": "You are being sucked into the mouth",
		"CursedInferno": "Losing life",
		"PetBunny": "I think it wants your carrot",
		"BabyPenguin": "I think it wants your fish",
		"PetTurtle": "Happy turtle time!",
		"PaladinsShield": "25% of damage taken will be redirected to another player",
		"Frostburn": "It's either really hot or really cold. Either way it REALLY hurts",
		"BabyEater": "A baby Eater of Souls is following you",
		"Chilled": "Your movement speed has been reduced",
		"Frozen": "You can't move!",
		"Honey": "Life regeneration is increased",
		"Pygmies": "The pygmies will fight for you",
		"BabySkeletronHead": "Don't even ask...",
		"BabyHornet": "It thinks you are its mother",
		"TikiSpirit": "A friendly spirit is following you",
		"PetLizard": "Chillin' like a reptilian",
		"PetParrot": "Polly wants the cracker",
		"BabyTruffle": "Isn't this just soooo cute?",
		"PetSapling": "A little sapling is following you",
		"Wisp": "A wisp is following you",
		"RapidHealing": "Life regeneration is greatly increased",
		"ShadowDodge": "You will dodge the next attack",
		"LeafCrystal": "Shoots crystal leaves at nearby enemies",
		"BabyDinosaur": "A baby dinosaur is following you",
		"IceBarrier": "Damage taken is reduced by 25%",
		"Panic": "Movement speed is increased",
		"BabySlime": "The baby slime will fight for you",
		"EyeballSpring": "An eyeball spring is following you",
		"BabySnowman": "A baby snowman is following you",
		"Burning": "Losing life and slowed movement",
		"Suffocation": "Losing life",
		"Ichor": "Reduced defense",
		"Venom": "Losing life",
		"Midas": "Drop more money on death",
		"Blackout": "Light vision severely reduced",
		"PetSpider": "A spider is following you",
		"Squashling": "A squashling is following you",
		"Ravens": "The ravens will attack your enemies",
		"BlackCat": "A black kitty is following you",
		"CursedSapling": "A cursed sapling is following you",
		"WaterCandle": "Increased monster spawn rate",
		"PeaceCandle": "Decreased monster spawn rate",
		"Campfire": "Life regen is slightly increased",
		"ChaosState": "Using the Rod of Discord will take life",
		"HeartLamp": "Life regen is increased",
		"Rudolph": "Riding the red nosed reindeer",
		"Puppy": "A puppy is following you",
		"BabyGrinch": "A baby grinch is following you",
		"AmmoBox": "20% chance to not consume ammo",
		"ManaSickness": "Magic damage reduced by ",
		"BeetleEndurance1": "Damage taken reduced by 15%",
		"BeetleEndurance2": "Damage taken reduced by 30%",
		"BeetleEndurance3": "Damage taken reduced by 45%",
		"BeetleMight1": "Melee damage and speed increase by 10%",
		"BeetleMight2": "Melee damage and speed increase by 20%",
		"BeetleMight3": "Melee damage and speed increase by 30%",
		"FairyRed": "A fairy is following you",
		"FairyGreen": "A fairy is following you",
		"Wet": "You are dripping water",
		"Mining": "25% increased mining speed",
		"Heartreach": "Increased heart pickup range",
		"Calm": "Reduced enemy aggression",
		"Builder": "Increased placement speed and range",
		"Titan": "Increased knockback",
		"Flipper": "Move like normal in water",
		"Summoning": "Increased max number of minions",
		"Dangersense": "You can see nearby hazards",
		"AmmoReservation": "20% chance to not consume ammo",
		"Lifeforce": "20% increased max life",
		"Endurance": "10% reduced damage",
		"Rage": "10% increased critical chance",
		"Inferno": "Nearby enemies are ignited",
		"Wrath": "10% increased damage",
		"MinecartLeft": "Riding in a minecart",
		"MinecartRight": "Riding in a minecart",
		"Lovestruck": "You are in love!",
		"Stinky": "You smell terrible",
		"Fishing": "Increased fishing level",
		"Sonar": "You can see what's biting your hook",
		"Crate": "Greater chance of fishing up a crate",
		"Warmth": "Reduced damage from cold sources",
		"HornetMinion": "The hornet will fight for you",
		"ImpMinion": "The imp will fight for you",
		"ZephyrFish": "It likes swimming around you",
		"BunnyMount": "You are craving carrots",
		"PigronMount": "Now you see me....",
		"SlimeMount": "BOOOIIINNNG!",
		"TurtleMount": "Slow if by land, zoom if by sea",
		"BeeMount": "BzzzBzzBZZZZBzzz",
		"SpiderMinion": "The spider will fight for you",
		"TwinEyesMinion": "The twins will fight for you",
		"PirateMinion": "The pirate will fight for you",
		"MiniMinotaur": "How do you defeat a mini Minotaur?",
		"Slimed": "You are slimy and sticky",
		"SharknadoMinion": "The sharknado will fight for you",
		"UFOMinion": "The UFO will fight for you",
		"UFOMount": "It's a good thing you had a MAC",
		"DrillMount": "Riding in a flying drill",
		"ScutlixMount": "Pew Pew",
		"Electrified": "You cannot move",
		"MoonLeech": "You are unable to absorb healing effects",
		"Sunflower": "Movement speed increased and monster spawns reduced",
		"MonsterBanner": "Increased damage and defense from the following:",
		"Rabies": "Increased damage, Decreased life regen, Causes status effects",
		"Webbed": "You are stuck",
		"Bewitched": "Increased max number of minions",
		"SoulDrain": "Increased life regeneration",
		"MagicLantern": "An enchanted lantern is lighting your way",
		"ShadowFlame": "Losing life",
		"CrimsonHeart": "A magical heart that provides light",
		"BabyFaceMonster": "A baby face monster is following you",
		"BoneJavelin": "Bleeding Out",
		"StardustMinion": "The stardust cell will fight for you",
		"StardustMinionBleed": "being eaten by cells",
		"DryadsWardDebuff": "The power of nature compells you",
		"StardustGuardianMinion": "The stardust guardian will protect you",
		"StardustDragonMinion": "The stardust dragon will protect you",
		"Daybreak": "Incinerated by solar rays",
		"SuspiciousTentacle": "A suspicious looking eye that provides light",
		"CompanionCube": "Will never threaten to stab you and, in fact, cannot speak",
		"PetDD2Gato": "A propeller gato is following you",
		"PetDD2Ghost": "A flickerwick is following you",
		"PetDD2Dragon": "A hoardagron is following you",
		"BetsysCurse": "Defense is lowered",
		"Oiled": "Taking more damage from being on fire",
		"Stoned": "You are completely petrified!",
		"StarInBottle": "Increased mana regeneration",
		"Sharpened": "Melee weapons have armor penetration",
		"Dazed": "Movement is greatly slowed",
		"DeadlySphere": "The Deadly Sphere will fight for you",
		"Obstructed": "You can't see!",
		"VortexDebuff": "Gravity around you is distorted",
		"DryadsWard": "The power of nature protects you",
		"WindPushed": "The wind moves you around!",
		"WitheredArmor": "Your armor is lowered!",
		"WitheredWeapon": "Your attacks are weaker!",
		"OgreSpit": "Movement is significantly reduced",
		"ParryDamageBuff": "500% increased damage for next melee strike",
		"BallistaPanic": "Your ballistas rapidly shoot in panic!",
		"MinecartRightMech": "Riding in a minecart",
		"MinecartLeftMech": "Riding in a minecart",
		"MinecartRightWood": "Riding in a minecart",
		"MinecartLeftWood": "Riding in a minecart",
		"SolarShield1": "Damage taken reduced by 30%, repel enemies when taking damage",
		"SolarShield2": "Damage taken reduced by 30%, repel enemies when taking damage",
		"SolarShield3": "Damage taken reduced by 30%, repel enemies when taking damage",
		"NebulaUpDmg1": "15% increased damage",
		"NebulaUpDmg2": "30% increased damage",
		"NebulaUpDmg3": "45% increased damage",
		"NebulaUpLife1": "Increased life regeneration",
		"NebulaUpLife2": "Increased life regeneration",
		"NebulaUpLife3": "Increased life regeneration",
		"NebulaUpMana1": "Increased mana regeneration",
		"NebulaUpMana2": "Increased mana regeneration",
		"NebulaUpMana3": "Increased mana regeneration",
		"UnicornMount": "Charge ahead... fabulously!",
		"CuteFishronMount": "Just don't make it crawl.",
		"BasiliskMount": "Crash into anyone... and EVERYONE!",
		"NoBuilding": "You have lost the power of creation!",
		"WeaponImbueVenom": "Melee attacks inflict venom on your targets",
		"WeaponImbueCursedFlames": "Melee attacks inflict enemies with cursed flames",
		"WeaponImbueFire": "Melee attacks set enemies on fire",
		"WeaponImbueGold": "Melee attacks make enemies drop more gold",
		"WeaponImbueIchor": "Melee attacks decrease enemies defense",
		"WeaponImbueNanites": "Melee attacks confuse enemies",
		"WeaponImbueConfetti": "Melee attacks cause confetti to appear",
		"WeaponImbuePoison": "Melee attacks poison enemies"
	},
	"ArmorSetBonus": {
		"SquireTier3": "Increases your max number of sentries\nGreatly enhances Ballista effectiveness",
		"ApprenticeTier3": "Increases your max number of sentries\nGreatly enhances Flameburst effectiveness",
		"HuntressTier3": "Increases your max number of sentries\nGreatly enhances Explosive Traps effectiveness",
		"MonkTier3": "Increases your max number of sentries\nGreatly enhances Lightning Aura effectiveness",
		"SquireTier2": "Increases your max number of sentries\nBallista pierces more targets and panics when you take damage",
		"ApprenticeTier2": "Increases your max number of sentries\nFlameburst field of view and range are dramatically increased",
		"HuntressTier2": "Increases your max number of sentries\nExplosive Traps recharge faster and oil enemies\nSet oiled enemies on fire for extra damage",
		"MonkTier2": "Increases your max number of sentries\nLightning Aura can now crit and strikes faster",
		"MetalTier1": "2 defense",
		"MetalTier2": "3 defense",
		"CobaltRanged": "20% chance to not consume ammo",
		"MythrilCaster": "17% reduced mana usage",
		"MythrilMelee": "5% increased melee critical strike chance",
		"MythrilRanged": "20% chance to not consume ammo",
		"AdamantiteCaster": "19% reduced mana usage",
		"AdamantiteMelee": "18% increased melee and movement speed",
		"AdamantiteRanged": "25% chance to not consume ammo",
		"HallowCaster": "20% reduced mana usage",
		"HallowMelee": "19% increased melee and movement speed",
		"HallowRanged": "25% chance to not consume ammo",
		"ShadowScale": "15% increased movement speed",
		"Wood": "1 defense",
		"Crimson": "Greatly increased life regen",
		"Frost": "Melee and ranged attacks cause frostburn",
		"Tiki": "Increases your max number of minions",
		"Palladium": "Greatly increases life regeneration after striking an enemy",
		"Orichalcum": "Flower petals will fall on your target for extra damage",
		"Titanium": "Become immune after striking an enemy",
		"Chlorophyte": "Summons a powerful leaf crystal to shoot at nearby enemies",
		"Wizard": "10% increased magic critical strike chance",
		"Turtle": "Attackers also take full damage",
		"Meteor": "Space Gun costs 0 mana",
		"SpectreHealing": "Magic damage done to enemies heals the player with lowest health",
		"Shroomite": "Not moving puts you in stealth,\nincreasing ranged ability and reducing chance for enemies to target you",
		"Platinum": "4 defense",
		"Pumpkin": "10% increased damage",
		"Spooky": "Increases minion damage by 25%",
		"SpectreDamage": "Magic damage done will hurt extra nearby enemies",
		"MagicHat": "Increases maximum mana by 60",
		"BeetleDefense": "Beetles protect you from damage",
		"BeetleDamage": "Beetles increase your melee damage and speed",
		"Bee": "Increases minion damage by 10%",
		"Bone": "20% chance to not consume ammo",
		"Spider": "Increases minion damage by 12%",
		"Ninja": "33% chance to not consume thrown item",
		"Fossil": "50% chance to not consume thrown item",
		"Solar": "Solar shields generate over time protecting you,\nconsume the shield power to dash, damaging enemies",
		"Vortex": "Double tap DOWN to toggle stealth,\nincreasing ranged ability and reducing chance for enemies to target you but slowing movement speed",
		"Nebula": "Hurting enemies has a chance to spawn buff boosters,\npick boosters up to get stacking buffs",
		"Stardust": "Double tap DOWN to direct your guardian to a location",
		"Forbidden": "Double tap DOWN to call an ancient storm to the cursor location",
		"Jungle": "16% reduced mana usage",
		"Molten": "17% extra melee damage",
		"Mining": "30% increased mining speed",
		"CobaltCaster": "14% reduced mana usage",
		"CobaltMelee": "15% increased melee speed"
	}
}