﻿{
	"Mobile": {
		"MaxPlayers": "Maks. liczba graczy:",
		"Password": "Hasło:",
		"PasswordEmpty": "Brak",
		"Name": "Nazwa:",
		"NamePlayerEmpty": "Wprowadź swoją nazwę...",
		"NameWorldEmpty": "Wprowadź nazwę świata...",
		"Unfavorite": "Usuń z ulubionych",
		"UnfavoriteFrontEnd": "Usuń z ulubionych",
		"SearchingHosts": "Wyszukiwanie gier lokalnych...",
		"Online":"Online",
		"Local":"Lokalne",
		"Host":"Host",
		"SelectServer":"Wybierz serwer",
		"Connect":"Add",
		"ServerIP":"IP serwera:",
		"EnterServerIP":"Wprowadź adres IP serwera...",
		"ServerPort":"Port serwera:",
		"EnterServerPort":"Wprowadź port serwera...",
		"MagnifierEnabled":"Szkło powiększające włączone",
		"MagnifierDisabled":"Szkło powiększające wyłączone",
		"FrameRateCap30":"Limit klatek: 30",
		"FrameRateCap60":"Limit klatek: 60",
		"ScreenEffectsEnabled":"Efekty ekranu włączone",
		"ScreenEffectsDisabled":"Efekty ekranu wyłączone",
		"EditInterface":"Edytuj interfejs",
		"FrameRateDisplayed":"Wyświetlanie liczby klatek",
		"FrameRateHidden":"Ukryta liczba klatek",
		"SafeRegion":"Obszar bezpieczny",
		"Interface":"Interface",
		"Discard":"Odrzuć",
		"Default":"Domyślne",
		"UIScale":"UI Scale:",
		"Side":"Bok",
		"Top":"Góra",
		"Bottom":"Dół",
		"InterfaceSettingsDescription":"*Niektóre ustawienia mogą być wyłączone z uwagi na rozmiar twojego urządzenia.",
		"UsefulLinks":"Social",
		"Wiki":"Wiki gry Terraria",
		"Forum":"Forum gry Terraria",
		"Discord":"Kanał Discord gry Terraria",
		"ContactSupport":"Obsługa klienta 505",
		"Youtube":"Kanał Youtube Re-Logic",
		"Twitter":"Profil Twitter gry Terraria",
		"PrivacyPolicy":"Polityka prywatności 505",
		"Facebook":"Strona Facebook gry Terraria",
		"TooltipFade": "Wygaszanie wskazówek: {0} s",
		"ItemTooltipFade": "Wygaszanie wskazówek przedmiotów: {0} s",
		"Loot": "Weź",
		"Remove": "Usuń",
		"Unequip": "Usuń",
		"Show": "Pokaż",
		"Hide": "Ukryj",
		"Deposit": "Zmagazynuj",
		"Quit": "Exit",
		"Enable": "Włącz",
		"Disable": "Wyłącz",
		"Teleport":"Teleport",
		"QuickStack": "Szybkie skład.\nprzedmiotów",
		"Materials": "Materiały",
		"Savings": "Oszczędności",
		"Armour": "Pancerz",
		"NoRecipes": "Brak dostępnych przepisów",
		"QuickSlots": "Okna szybkiego dostępu",
		"SelectItemReforge": "Wybierz przedmiot, który chcesz przekuć",
		"WriteMessagePrompt":"Tutaj wpisz swoją wiadomość...",
		"QuitPrompt": "Na pewno chcesz wyjść?",
		"ServerFull":"Serwer zapełniony",
		"SplitStackOpen": "Split",
		"SplitStackClose": "Cancel",
		"SplitStackAction": "Split",
		"Join": "Graj",
		"AimAndUse": "Celowanie i używanie",
		"AimOnly": "Tylko celowanie",
		"SmartCursorOn": "Inteligentny kursor wł.",
		"SmartCursorOff": "Inteligentny kursor wył.",
		"CombatTargetingOn": "Uchwycenie celu wł.",
		"CombatTargetingOff": "Uchwycenie celu wył.",
		"CombatTargetingNoTargets": "Brak celów",
		"HousingQuery": "Query",
		"PvP": "Players",
		"CraftGuideEmpty": "Wybierz przedmiot, by zobaczyć dostępne przepisy",
		"HairStylist": "Stylistka",
		"Home": "Main Menu",
		"Sound": "Sound",
		"Gameplay": "Więcej informacji",
		"Equip": "Załóż",
		"Sell": "Sprzedaj",
		"Craft": "Stwórz",
		"ApplyChanges": "Zastosuj",
		"MultiplayerLocalTitle": "Host",
		"MultiplayerOnlineTitle": "Add Server",
		"LeftStickAimingOn": "Left Stick Aim On",
		"LeftStickAimingOff": "Left Stick Aim Off",
		"ResetCursorModes": "Reset Aim and Smart Cursor Modes",
		"RemoveServerList": "Remove {0} from the server list?",
		"BugReport": "Bug report"
	},
	
	"UI":	{
		"WorldSizeTiny": "Drobny"
	}
}
